UserID,Username,Password,Email,Admin,PostID,Title,Content,CategoryID,CommentID,Comment,CategoryName,TagID,TagName
1,corey72,,corey72@example.com,1,,,,,,,,,
2,keithjenkins,,keithjenkins@example.com,0,,,,,,,,,
3,frostwesley,,frostwesley@example.com,0,,,,,,,,,
4,gail78,,gail78@example.com,0,,,,,,,,,
5,zbrown,,zbrown@example.com,0,,,,,,,,,
6,andrew93,,andrew93@example.com,0,,,,,,,,,
7,brent18,,brent18@example.com,0,,,,,,,,,
8,annamccarthy,,annamccarthy@example.com,0,,,,,,,,,
9,fmyers,,fmyers@example.com,0,,,,,,,,,
10,jennifer58,,jennifer58@example.com,0,,,,,,,,,
11,deannavalencia,,deannavalencia@example.com,0,,,,,,,,,
12,tyler12,,tyler12@example.com,0,,,,,,,,,
13,michelle30,,michelle30@example.com,0,,,,,,,,,
14,gaybarbara,,gaybarbara@example.com,0,,,,,,,,,
15,rebeccajohnson,,rebeccajohnson@example.com,0,,,,,,,,,
16,hudsonlaura,,hudsonlaura@example.com,0,,,,,,,,,
17,eric78,,eric78@example.com,0,,,,,,,,,
18,steven95,,steven95@example.com,0,,,,,,,,,
19,juanburgess,,juanburgess@example.com,0,,,,,,,,,
20,frostcharles,,frostcharles@example.com,0,,,,,,,,,
21,deanstark,,deanstark@example.com,0,,,,,,,,,
22,wtaylor,,wtaylor@example.com,0,,,,,,,,,
23,michaelrivera,,michaelrivera@example.com,0,,,,,,,,,
24,kkaiser,,kkaiser@example.com,0,,,,,,,,,
25,shannon20,,shannon20@example.com,0,,,,,,,,,
26,eric07,,eric07@example.com,0,,,,,,,,,
27,smithwilliam,,smithwilliam@example.com,0,,,,,,,,,
28,zmartinez,,zmartinez@example.com,0,,,,,,,,,
29,karigreen,,karigreen@example.com,0,,,,,,,,,
30,dbaker,,dbaker@example.com,0,,,,,,,,,
31,johnwashington,,johnwashington@example.com,0,,,,,,,,,
32,ericabell,,ericabell@example.com,0,,,,,,,,,
33,gonzalezkaren,,gonzalezkaren@example.com,0,,,,,,,,,
34,nhubbard,,nhubbard@example.com,0,,,,,,,,,
35,djohnston,,djohnston@example.com,0,,,,,,,,,
36,ianjohnson,,ianjohnson@example.com,0,,,,,,,,,
37,vbrowning,,vbrowning@example.com,0,,,,,,,,,
38,frodriguez,,frodriguez@example.com,0,,,,,,,,,
39,davidmcconnell,,davidmcconnell@example.com,0,,,,,,,,,
40,brianmoon,,brianmoon@example.com,0,,,,,,,,,
41,carolynmccullough,,carolynmccullough@example.com,0,,,,,,,,,
42,caldwelleugene,,caldwelleugene@example.com,0,,,,,,,,,
43,erikabowman,,erikabowman@example.com,0,,,,,,,,,
44,jennifer27,,jennifer27@example.com,0,,,,,,,,,
45,ckirk,,ckirk@example.com,0,,,,,,,,,
46,cwilliams,,cwilliams@example.com,0,,,,,,,,,
47,howardjonathan,,howardjonathan@example.com,0,,,,,,,,,
48,danielramirez,,danielramirez@example.com,0,,,,,,,,,
49,gyoung,,gyoung@example.com,0,,,,,,,,,
50,christopherjohnson,,christopherjohnson@example.com,0,,,,,,,,,
51,kingkristin,,kingkristin@example.com,0,,,,,,,,,
52,tmitchell,,tmitchell@example.com,0,,,,,,,,,
53,velasquezdakota,,velasquezdakota@example.com,0,,,,,,,,,
54,iferguson,,iferguson@example.com,0,,,,,,,,,
55,gkirby,,gkirby@example.com,0,,,,,,,,,
56,peter11,,peter11@example.com,0,,,,,,,,,
57,michele59,,michele59@example.com,0,,,,,,,,,
58,rodriguezjocelyn,,rodriguezjocelyn@example.com,0,,,,,,,,,
59,steven74,,steven74@example.com,0,,,,,,,,,
60,chase57,,chase57@example.com,0,,,,,,,,,
61,tsanders,,tsanders@example.com,0,,,,,,,,,
62,brianhernandez,,brianhernandez@example.com,0,,,,,,,,,
63,joshua20,,joshua20@example.com,0,,,,,,,,,
64,bautistaashley,,bautistaashley@example.com,0,,,,,,,,,
65,yadams,,yadams@example.com,0,,,,,,,,,
66,matthewhall,,matthewhall@example.com,0,,,,,,,,,
67,nicholas15,,nicholas15@example.com,0,,,,,,,,,
68,martha42,,martha42@example.com,0,,,,,,,,,
69,tgarrett,,tgarrett@example.com,0,,,,,,,,,
70,bryanwebb,,bryanwebb@example.com,0,,,,,,,,,
71,hughesdebbie,,hughesdebbie@example.com,0,,,,,,,,,
72,marquezlaura,,marquezlaura@example.com,0,,,,,,,,,
73,shari67,,shari67@example.com,0,,,,,,,,,
74,colemanbrandon,,colemanbrandon@example.com,0,,,,,,,,,
75,griffinmichelle,,griffinmichelle@example.com,0,,,,,,,,,
76,pdavis,,pdavis@example.com,0,,,,,,,,,
77,gary97,,gary97@example.com,0,,,,,,,,,
78,duartevanessa,,duartevanessa@example.com,0,,,,,,,,,
79,morrisonpamela,,morrisonpamela@example.com,0,,,,,,,,,
80,figueroaderrick,,figueroaderrick@example.com,0,,,,,,,,,
81,ijenkins,,ijenkins@example.com,0,,,,,,,,,
82,kelsey93,,kelsey93@example.com,0,,,,,,,,,
83,bcampos,,bcampos@example.com,0,,,,,,,,,
84,davisdorothy,,davisdorothy@example.com,0,,,,,,,,,
85,andrewrandall,,andrewrandall@example.com,0,,,,,,,,,
86,maddendouglas,,maddendouglas@example.com,0,,,,,,,,,
87,pachecochristopher,,pachecochristopher@example.com,0,,,,,,,,,
88,jeffrey56,,jeffrey56@example.com,0,,,,,,,,,
89,bianca20,,bianca20@example.com,0,,,,,,,,,
90,julian67,,julian67@example.com,0,,,,,,,,,
91,christianlewis,,christianlewis@example.com,0,,,,,,,,,
92,rogerdaniels,,rogerdaniels@example.com,0,,,,,,,,,
93,robertsshaun,,robertsshaun@example.com,0,,,,,,,,,
94,adriennehardy,,adriennehardy@example.com,0,,,,,,,,,
95,stacyrussell,,stacyrussell@example.com,0,,,,,,,,,
96,tmoon,,tmoon@example.com,0,,,,,,,,,
97,parkscindy,,parkscindy@example.com,0,,,,,,,,,
98,garrettjohn,,garrettjohn@example.com,0,,,,,,,,,
99,hayesscott,,hayesscott@example.com,0,,,,,,,,,
100,psilva,,psilva@example.com,0,,,,,,,,,
83,,,,,1,Them upon among seem behind enjoy.,Short move hotel toward store maybe.,9,,,,,
3,,,,,2,Professional apply hold of sound himself.,Community key nice seven must rule thank. Involve program pay total. Too scientist sell structure budget.,7,,,,,
14,,,,,3,Shoulder he daughter star pay piece.,Attention station drop. Evening senior individual see dream need his since.,3,,,,,
99,,,,,4,Opportunity not cover kid.,Store court space physical. Difference fear skin much hard medical.,4,,,,,
48,,,,,5,Few establish improve key.,Friend realize senior including certainly. Each into response debate. Part her short single majority some suddenly family. Safe song threat current candidate language indeed.,7,,,,,
44,,,,,6,Difference throw letter enjoy buy change instead.,Anything voice relationship cold. Lot product court base. Travel everybody level forward also.,6,,,,,
2,,,,,7,President answer reduce should education yourself.,Mind daughter action site simply guess director they. Rest sense way better.,7,,,,,
22,,,,,8,Heavy leg can fish use business.,Glass most front last fish. Everything deal far manager article anything. Congress affect sea natural. Before bag business write thing.,1,,,,,
10,,,,,9,Table door attention condition police knowledge environmental.,But apply I notice spring suddenly military exist. Dinner bed toward save.,9,,,,,
66,,,,,10,Sometimes benefit in hit right order.,Even sometimes new military produce. Itself couple event available cause whom.,1,,,,,
18,,,,,11,Magazine camera feel.,Realize several also weight study full ground.,6,,,,,
38,,,,,12,Use kid table attack meeting.,Full artist notice fund. There firm edge daughter sometimes house control inside. Carry along today size color. Six upon several star heart.,8,,,,,
59,,,,,13,Blue Republican change enough.,Perhaps yourself central onto. Including move imagine majority. Customer main your involve watch nearly material anyone.,7,,,,,
36,,,,,14,Fund want rock rest reach various.,Study benefit place century. Sing guy land now. Onto walk thought let ready class heavy success.,8,,,,,
6,,,,,15,Option military system statement send while sure.,Into appear send friend. You approach matter exist face. Wide home north own over trade base save.,9,,,,,
13,,,,,16,Present indeed just hope account surface.,Three behavior region section consumer take heavy must. Show right pick player human top attention. Skill speech computer current player early. Image ahead make wear.,6,,,,,
45,,,,,17,Reach be base dinner international page.,Other field appear about carry science. Issue choose tree account interview. Pick street defense trade president. Recognize information including become.,9,,,,,
49,,,,,18,Alone their opportunity put again.,You truth about product detail customer still.,5,,,,,
89,,,,,19,Threat goal tell without form meeting miss.,Decision issue boy moment traditional. Receive ball five half want him reality. Player paper organization option rock.,3,,,,,
67,,,,,20,Probably another see choose.,Republican total pick up play myself always.,6,,,,,
94,,,,,21,Can put issue call.,Beat south box.,7,,,,,
80,,,,,22,Education enter keep use pull.,Feel subject pressure short history front table. Store somebody term.,8,,,,,
79,,,,,23,Treatment play term important fill later direction.,Second inside dream whose employee work quickly. Kind when often be success chance visit card.,6,,,,,
25,,,,,24,Include away base experience number top.,Identify direction mean protect. Claim worry per paper important statement break.,8,,,,,
42,,,,,25,Fall team degree soldier today than west.,Heavy character show watch network play data.,5,,,,,
37,,,,,26,Structure off so score number.,Hear blue charge likely peace. Even although analysis what produce include under. Per result account likely plan talk.,4,,,,,
4,,,,,27,Their you to.,Day education less card contain citizen during. Tonight from prepare yourself professional its maybe.,8,,,,,
55,,,,,28,Seven hair all term at.,Dinner student enter ask. Clearly fly change same. Talk past when instead form project. Customer must class probably.,1,,,,,
18,,,,,29,Sell hear father risk fast.,Daughter degree bank tonight hour college. Happen particularly strategy. Appear nothing account hold keep.,1,,,,,
92,,,,,30,Sign hand skin.,Key see animal less cut social everything bill.,5,,,,,
57,,,,,31,Doctor threat market detail partner forward network.,According never their long become well certain city. Part indicate decide west top stop.,2,,,,,
83,,,,,32,Practice no positive quickly tonight card.,Provide issue become site. Stand sound cup. Family south democratic reality.,5,,,,,
56,,,,,33,Himself rest never most marriage without.,Similar apply exist recent exactly usually. Beautiful program current most himself apply your bad.,3,,,,,
36,,,,,34,Most notice life will.,Doctor clearly resource commercial. Base foreign during off this.,9,,,,,
41,,,,,35,Interview moment group trouble despite model pattern.,Indicate support dinner enjoy when long eat president. Probably energy action degree movement author south. Fire down music person social fill include.,3,,,,,
74,,,,,36,Ahead while traditional.,Democratic local stuff name hard. Include growth room.,4,,,,,
9,,,,,37,My race piece put travel opportunity.,Near me career bed receive mother. Song describe business agency husband.,1,,,,,
19,,,,,38,Job money safe news.,Continue plant until area can use ready. Once rate game part. Design management notice woman.,9,,,,,
51,,,,,39,Leg black receive and.,Other within direction data. Class take change answer beautiful test so. Never teach sound series.,4,,,,,
99,,,,,40,Support financial cover baby director table mention record.,Sing expect set theory deep physical. In practice along realize step art.,3,,,,,
66,,,,,41,Court event unit.,Fire level learn read material first. Game one born on. Clearly standard your produce.,1,,,,,
78,,,,,42,Town story seem happy great and.,Once write visit ready. Mrs despite event firm front season. Process rule author suddenly.,4,,,,,
96,,,,,43,Compare give raise manager ten dinner car.,Different forward share lose former surface. Month car research strategy itself stand red carry.,5,,,,,
52,,,,,44,Few themselves plan his reach.,Someone rate hundred run keep. Long where soldier political. Challenge visit understand stage write notice list. Finally different sister card impact.,3,,,,,
8,,,,,45,Quickly than north job.,Serve today job someone some. Just simply family real rest pressure. Cold site work along necessary.,5,,,,,
91,,,,,46,State thank someone their base.,Second behind prove task purpose. Arm accept page out method. After debate unit force discussion until.,9,,,,,
56,,,,,47,Tend once anyone business product.,Enter throughout pattern. Discuss establish he unit great. Fish painting themselves amount receive.,9,,,,,
64,,,,,48,Home it design network tree property little.,Record read some live. At any end plan possible such. Analysis win environment give contain majority. Onto continue shoulder Democrat heavy.,3,,,,,
31,,,,,49,Money involve fight build other.,Second maintain today have city about. Station home individual skill marriage feeling part. Ahead plan model.,1,,,,,
79,,,,,50,Treat work choose reflect.,Mother nature really much claim color minute someone. Minute live until also. Five the attorney usually break on.,2,,,,,
7,,,,,51,Game live become instead.,Participant available popular ability. Painting million then eye necessary. Watch admit music nothing end.,9,,,,,
55,,,,,52,Modern among off skin serious.,Plant so production home establish. Democratic significant character admit however miss.,1,,,,,
66,,,,,53,Act mission stay box four.,Money issue media because space. Thought indicate fight important.,9,,,,,
42,,,,,54,Simply represent bit never.,Support common example bring want. Exactly everything any sport low truth turn owner. Class middle free fight nearly.,1,,,,,
91,,,,,55,Former activity reach financial student young themselves.,Travel result believe new. Make to behind kid.,10,,,,,
55,,,,,56,Total as job player.,Everyone star radio coach mind. Wall quality child couple learn city. Sign girl service bed up me read growth.,10,,,,,
69,,,,,57,Once against benefit it prove.,At foreign suddenly evening. Positive ago into couple this carry more. Hand treat model choose ask structure. Share join play television.,4,,,,,
49,,,,,58,Career natural go already hand.,Partner indicate right into. Those rule suggest under. Material important fall specific.,2,,,,,
9,,,,,59,Pass throughout day benefit town machine interest.,Society world instead interest. Language risk win cover who couple dark. Friend hope compare take industry really determine up.,3,,,,,
43,,,,,60,Pretty create unit possible head simple.,Create challenge stop. Agency child different stock tend since language. Close civil idea very up even.,4,,,,,
28,,,,,61,Write cell least.,Experience difference during. Within pass behavior.,8,,,,,
95,,,,,62,Draw talk rate present.,Card policy new pull strong wrong main. Natural write mother suddenly.,4,,,,,
60,,,,,63,Business trade imagine choice authority.,Exactly without spend responsibility allow officer most hot. Arm moment sea score research.,4,,,,,
47,,,,,64,Quickly actually cup bar upon sister ready next.,Spring fast kid theory. Chair worry board base which.,4,,,,,
50,,,,,65,Herself herself view probably enter writer.,Tend suggest physical cup serve maintain how beyond. With land tell southern.,3,,,,,
63,,,,,66,They seven democratic responsibility TV thing.,Attack country girl huge cause trouble choose. Ahead next produce national.,4,,,,,
42,,,,,67,Plan make space college.,Short case picture feeling scene especially. Major would run use.,1,,,,,
37,,,,,68,East black charge glass.,Parent stuff fall billion billion the country. Debate century account. Me card not to plant phone across. Then conference knowledge feel serious operation.,1,,,,,
96,,,,,69,List some future trouble.,Reason agree campaign serve huge. One capital poor their news PM. Loss down development contain firm to necessary yard.,3,,,,,
38,,,,,70,American medical whatever member may tonight keep should.,Manage say pretty as guy citizen. Town herself finally land order. Pm impact reveal quickly current could.,1,,,,,
24,,,,,71,Which pick arrive nature foreign natural recently.,Realize tell table nation. Fish positive military including order. Board direction condition threat.,4,,,,,
56,,,,,72,Practice young art sure.,Story training concern spend bad green. Drive might pattern see.,4,,,,,
41,,,,,73,Father save whose attention feel blue television.,Crime push product or threat. Next country two two cell sound ready keep. Build quite article trip letter once.,4,,,,,
94,,,,,74,Charge buy meeting prepare resource.,Near step rock national. Test east might. American interesting beat attack forget practice.,10,,,,,
62,,,,,75,Involve many peace order purpose.,Hour light decide economic line story risk. Air modern argue tax network arrive yeah poor.,7,,,,,
62,,,,,76,Good only threat various.,Might budget book.,10,,,,,
85,,,,,77,Skin eye child commercial southern ahead.,Republican old low majority. Evening same role kitchen far.,6,,,,,
64,,,,,78,Economic bit identify person eat question figure around.,Beyond economic hair again truth buy skill. Find community care because which camera word. Shake without TV clearly director type.,2,,,,,
10,,,,,79,Leave participant me clear when human size.,Operation increase government form history rock live. Decide general Mrs southern. May fear purpose.,3,,,,,
48,,,,,80,Prove as from course.,Over stock force seek meeting. Either exactly couple thousand term every go feeling. Boy board city into.,8,,,,,
91,,,,,81,Part go suffer specific how big big.,Past race week decision scene put adult.,6,,,,,
53,,,,,82,Memory already camera full data.,Idea it toward why number long. Crime let direction. Newspaper political history direction indeed. Major city child find message.,7,,,,,
93,,,,,83,Boy six season morning action available ahead.,Trouble condition whom pattern. Turn manager beautiful unit Republican share end. Old trip wonder production. Affect identify current major group rich economic.,2,,,,,
11,,,,,84,Human project child bad.,Choose pass again hospital name fire his. Network religious may goal action. Majority artist real always finally.,9,,,,,
54,,,,,85,Size arm feel admit.,Place language small. Put like machine discuss.,3,,,,,
1,,,,,86,Wife find instead law or.,Hour attorney type rock. Board culture fund sort less theory.,10,,,,,
48,,,,,87,May growth accept.,Hotel challenge watch. Begin choice what home describe fine.,10,,,,,
80,,,,,88,Expert production test yet employee police here.,Yes any stage challenge strategy. Nearly apply story strategy common. Speak condition to operation.,2,,,,,
8,,,,,89,Machine know evidence southern forget.,Leader before style man ago game soon.,3,,,,,
95,,,,,90,Leave little prevent visit.,International discover fish send. Focus while act style particularly condition employee.,3,,,,,
78,,,,,91,Employee finally practice.,Activity according cold will mind money drive. Condition former determine produce professional third central. Manager civil population station.,7,,,,,
50,,,,,92,Speech short method unit tree religious.,Whom ability game total send raise car. Yourself turn our message cause hot.,10,,,,,
23,,,,,93,Time business people use fly common throw.,Girl time just alone three trouble building. Her loss kid cell. Ask sure month along vote popular popular understand.,9,,,,,
2,,,,,94,Four score party method prepare.,Us teach then Republican four as couple. Doctor argue yes tonight challenge career beautiful. Impact event fly number effort budget.,1,,,,,
97,,,,,95,Attack some decade newspaper network.,Professional media remain evening despite use. World accept inside morning. Here another attorney.,2,,,,,
66,,,,,96,Common after move product any learn spring behind.,Last room ready effect. She fire figure.,4,,,,,
44,,,,,97,Response general scene certain.,Series art suggest may car behavior or.,3,,,,,
18,,,,,98,Science apply throw director.,Job everything point describe participant environmental. Focus shake government.,10,,,,,
24,,,,,99,President remain lose value religious of.,City not college her nice site.,2,,,,,
33,,,,,100,Society mean could choose opportunity.,Wish common improve ability ever. Fear ground summer pass fight state. Whole attorney agent government wall. Book set indeed country argue.,6,,,,,
39,,,,,101,Security line girl performance month cup.,Sell professor like boy. Send but senior institution moment herself.,2,,,,,
58,,,,,102,Use share plan threat.,Allow blood gun business accept kitchen pass. South soon talk rate clearly suggest in ready. Sign receive affect list positive keep.,6,,,,,
85,,,,,103,Interest how player security enough.,No weight already not public. There traditional weight message. Attention cold wife black force direction.,10,,,,,
60,,,,,104,Teach guess whom song region price front.,Bar keep themselves policy myself. Medical technology anyone soldier. World thousand senior time smile line drop. Read low use blue sign only.,1,,,,,
91,,,,,105,Design company run reason hear thus.,Rock approach me around remember. Door responsibility style arm left the human. Theory develop last north cause.,10,,,,,
73,,,,,106,Window human collection surface.,Movement walk school exactly interesting deal standard. Sing return meeting me land interview.,10,,,,,
94,,,,,107,Source cold maybe over pay him forward.,Think audience life. Of system myself. Idea dream style after talk race society.,2,,,,,
36,,,,,108,Camera already serious believe safe care various.,Lot operation cover. Industry word interest station before win. Apply become behavior that moment health.,8,,,,,
51,,,,,109,Federal economic week billion.,Spend such official receive today garden present among. Social represent shake success face region crime. Road model street think.,6,,,,,
71,,,,,110,Trade rate war benefit.,Mean news result sport deal although. Agreement suddenly list truth year ability approach.,4,,,,,
86,,,,,111,Their former next with affect cover.,Social life so alone. Possible heavy create appear factor character. Effect call for mention friend job. Response detail still do hit wonder.,8,,,,,
52,,,,,112,Control certain list actually mind grow.,Challenge central senior together him. Network sell usually main choose wait environment. When dog imagine music thing staff interest.,1,,,,,
36,,,,,113,Win ball interesting raise.,Hundred myself learn want. Series rule sport goal everything body. Smile state dog.,7,,,,,
21,,,,,114,Dinner name ok bad require what.,Threat station guess people. Seem really lay middle view score player. Base agent thousand wish.,2,,,,,
61,,,,,115,Bad wide western career song.,Trouble toward safe. Go support however service finally quickly. Strong control stage.,4,,,,,
70,,,,,116,Author relationship in after walk.,Paper month thus medical finally friend.,6,,,,,
49,,,,,117,Medical check executive stuff process.,Conference suffer morning imagine education dream increase. Make she win American.,4,,,,,
92,,,,,118,Item yourself someone development.,Page perform major purpose military. Send air turn.,7,,,,,
75,,,,,119,Store listen mouth reach.,Despite box nearly not garden specific both. Forward fall which authority realize.,7,,,,,
20,,,,,120,Five thank and first development discover former structure.,Military main matter wind heart. Follow control expert watch. As page prove environment. Whatever hard will lose stock.,6,,,,,
67,,,,,121,Movie fast throw.,Owner save rule until always star.,6,,,,,
48,,,,,122,Future doctor woman I room church close.,Congress employee any particular lawyer factor nation contain. Policy professor blue fire believe industry fill. Anything mother society employee. Analysis interest color class.,4,,,,,
28,,,,,123,Next seek modern field body.,Challenge air organization attention. With industry pressure remain join we.,5,,,,,
62,,,,,124,Table man city authority.,Ready team area sort. Child middle nice vote role federal. System tax direction good close so.,5,,,,,
11,,,,,125,Lawyer campaign behavior rather.,Air leave she know size total. Almost next already respond strategy.,8,,,,,
41,,,,,126,Save house feeling data.,Adult do game provide decision close.,1,,,,,
47,,,,,127,Have treatment car network.,Music form soon begin plant. Appear account available sit realize.,2,,,,,
78,,,,,128,Season open hotel room option find occur behavior.,Court benefit assume boy as fight deal. Friend arrive purpose each. Line coach wait.,3,,,,,
38,,,,,129,Case executive build federal point green space.,Color force race. Artist force up find.,1,,,,,
68,,,,,130,Chair main sport approach fall.,When role because some figure say Mr face. Want home four population for second food if. Thus during age avoid. Peace attorney peace end right site.,1,,,,,
8,,,,,131,Language college my scene yet word.,Perform million effect save. Her good process glass attention. This eight cause full administration.,9,,,,,
96,,,,,132,Civil debate value and.,Every through watch green public. Character also three media. Morning human local item.,9,,,,,
20,,,,,133,View hundred political raise throughout.,Discussion film according human happen. Control relate great record.,10,,,,,
61,,,,,134,American book piece take recently truth detail responsibility.,Whole defense somebody course ask single business. Form century quite manage me.,2,,,,,
90,,,,,135,Add game more generation truth animal.,Avoid style campaign save would sound. Financial force job bill.,9,,,,,
33,,,,,136,Indeed forget player thank use keep spring.,First until door face shoulder of. Staff avoid company degree memory worker.,3,,,,,
89,,,,,137,Director offer onto war.,Dream election appear home analysis wait. Skin make true range worry exactly. Build debate hard.,8,,,,,
49,,,,,138,Goal build sign their.,Glass right less operation this myself. Put act generation democratic strategy role evening. Check brother program usually raise important buy.,7,,,,,
61,,,,,139,Toward majority market network.,Offer day training job series. Price try politics budget lawyer floor season.,1,,,,,
60,,,,,140,Future Mr life early career as.,Perhaps base pay will one peace health. Need work top court second matter couple. Reduce stay charge allow different sense describe window.,1,,,,,
7,,,,,141,Agency who over new couple.,Tend present price financial charge opportunity work crime. Others play nearly.,1,,,,,
19,,,,,142,Herself or Mrs tonight.,Simple leader describe begin. Help man drug law wall.,3,,,,,
75,,,,,143,Difference past local.,Stage seem new a. Smile commercial support far a. Husband idea describe.,6,,,,,
91,,,,,144,Wall big manage hospital century find.,Break medical surface start. From recently down son pattern.,8,,,,,
21,,,,,145,Against represent five scene someone.,Job firm lot require enjoy. Recognize quickly probably cup stop last buy full. Great street measure cell fly.,8,,,,,
59,,,,,146,Friend record month guess.,Off move doctor personal bring treat.,9,,,,,
74,,,,,147,From cup huge morning little company.,Specific mind end officer many assume. Medical race social fear.,3,,,,,
17,,,,,148,Successful where someone against himself.,Southern support design citizen. Believe news child investment reality also staff. Travel perhaps economy understand know.,5,,,,,
5,,,,,149,Night western benefit few its position design.,Cultural go discussion. Short crime whatever use draw speak. Own none bed speech serve.,1,,,,,
7,,,,,150,Cause production early.,Week almost skill. Reach year wish section popular quality future. College moment compare more raise. Beautiful picture animal significant party surface everybody film.,10,,,,,
26,,,,,151,Water model yes structure.,Score professional a already total strong allow. Two style probably key treat.,6,,,,,
19,,,,,152,Free people apply minute respond despite.,Daughter agreement question section nation. Easy spring avoid gas firm.,1,,,,,
64,,,,,153,Four approach together suggest effort.,Number market their follow. Take course despite place stuff. Either will list meet test contain wear.,8,,,,,
19,,,,,154,Argue consider not against rate speak.,Many suggest society attorney special. Reflect along piece.,3,,,,,
31,,,,,155,Under federal commercial already.,From organization seat send partner reach. Without lot prepare population fine ok fish. Administration similar institution field president another wife.,8,,,,,
67,,,,,156,Opportunity black Democrat dog stop gas recently.,Maybe lead each reduce already kind TV. Help yard often hour citizen. Range of phone each opportunity issue.,7,,,,,
72,,,,,157,My way leg.,Order popular choose region party often. Another clear indeed person however sure college. Could writer take store model everybody already.,8,,,,,
24,,,,,158,Baby know guess each.,Meeting paper always day charge responsibility film. Maintain instead take idea college character between president. Condition thousand friend within.,1,,,,,
68,,,,,159,Mention student matter huge conference.,As so study the case movement. Debate individual resource born by save.,4,,,,,
64,,,,,160,Current success list run through.,Return with card social play garden. Pressure increase level gas. Perhaps condition issue happy. General suffer picture of under fire.,1,,,,,
95,,,,,161,Each personal economic commercial American gun fill.,Senior side ever political style. Participant bank she for. With administration between big. Note assume kind enjoy.,8,,,,,
80,,,,,162,College season response camera cultural drive ago music.,Try cause receive age. Speech center middle stock increase performance. Answer behind find.,6,,,,,
15,,,,,163,Along glass various cup while resource guess.,Alone participant across after often board. Magazine issue point region mind prove affect. Material site mother second quite may.,5,,,,,
41,,,,,164,College year less.,Reason ball artist dream leg difference apply.,1,,,,,
30,,,,,165,Mention set never four read.,Action question staff deep drop. Exist year Mr real. Of performance others leg light or military.,2,,,,,
53,,,,,166,Art law plant then indicate summer.,Page establish identify perhaps thank pattern boy. Former wife a prove produce. Commercial behind mean common likely young operation.,1,,,,,
91,,,,,167,Really or camera want law.,Particularly plan eye relationship. Much sign and wonder safe place level.,8,,,,,
3,,,,,168,Money make space idea main nice involve.,Character wall heart available position spring. Purpose speech have staff form across. Third movement democratic open trip mouth event. Sign teacher meet write indeed cultural.,10,,,,,
61,,,,,169,Ask assume pick wind.,Parent art stand election develop situation recent.,4,,,,,
3,,,,,170,Draw teacher country experience these performance.,Perhaps author thought growth politics live much possible. Low could market and personal. Buy occur street apply. It maybe line attorney.,10,,,,,
19,,,,,171,Hotel new represent.,Section practice discuss. Let the not write. Task table another bag.,9,,,,,
38,,,,,172,On bar six sport investment option letter school.,Manage way think there hope recent. Something away ten early floor. Allow without black develop particular choice result black.,3,,,,,
32,,,,,173,Room their avoid fact.,Question describe value but say time job. Evidence meet describe for wish. Political here agent process pretty political much.,1,,,,,
73,,,,,174,Down investment shoulder project fly.,Ever lot state involve population kid. Always market process police maintain nature. Tree realize world not soon whether.,4,,,,,
73,,,,,175,Street explain reveal make talk make.,Always lot expect arm. Their each court evening.,4,,,,,
73,,,,,176,Business western west gun admit many.,Financial painting traditional throughout development. Commercial see watch not reach then. Direction eight commercial note.,1,,,,,
88,,,,,177,Hot nice sister main at develop.,Nation time born cell way lose. Building several ready hit energy whom drug social. Wonder all condition.,10,,,,,
81,,,,,178,Back pass use second.,Fight knowledge sit. Purpose nice four north then. Trial nearly at administration.,10,,,,,
16,,,,,179,Address human senior friend option quickly worry way.,Kind argue employee question.,8,,,,,
81,,,,,180,Where hour main radio recent professional.,After recent toward matter here challenge them. Fund like try Republican important compare.,5,,,,,
73,,,,,181,Do upon great machine.,If national last believe receive. Value large from debate time foreign senior page.,7,,,,,
8,,,,,182,Certainly hand half rule red.,Food along shake per. Service thought listen. During up the heart rock world.,3,,,,,
26,,,,,183,Inside defense probably artist research college cause human.,Art affect available most. Film important spend help finish couple federal. Already arm close.,4,,,,,
83,,,,,184,Value agree or that southern certainly forget.,Cover contain thought owner face perhaps national. Key whole would about civil safe position arm. Score where onto this.,6,,,,,
15,,,,,185,Most strong sound somebody smile true avoid.,Most structure down. Move guess situation yeah over career cultural. Magazine determine question great raise.,4,,,,,
43,,,,,186,Sometimes may office.,Interest book author skin safe politics plan. Allow if morning crime coach popular poor.,4,,,,,
99,,,,,187,Same hot reduce everybody public fall.,Music poor weight join. Together executive peace school.,10,,,,,
70,,,,,188,Expect improve feeling open scene night.,Always likely safe. Energy resource could someone yeah employee hour.,1,,,,,
1,,,,,189,Model director security instead car space fact.,Class share everyone.,5,,,,,
76,,,,,190,Anything management himself respond.,Hard author no just best say assume picture. Behind tend because common wait. Account three second.,5,,,,,
89,,,,,191,Open real serious parent major job ground energy.,Activity occur animal girl force price across stock. Involve tax big peace become nearly interesting me. Cup great produce year fill.,7,,,,,
54,,,,,192,Range challenge new organization they.,Business body weight his strong easy. The discuss available source once soldier.,5,,,,,
52,,,,,193,When job house begin image another well.,Become top none son television call president. Drive miss rate director run. Size above subject read yourself.,5,,,,,
24,,,,,194,Poor why TV mean.,Produce how lot wall add make. Stage itself ever little her. Chance citizen central concern difficult specific.,2,,,,,
73,,,,,195,Where rise western kid traditional control including.,Thing glass good sit case. Free return source city both pattern wait. Without loss increase edge particular almost.,4,,,,,
74,,,,,196,Century certainly find condition player business size.,Treatment entire cell story poor reduce see. Executive bring machine wrong care sense very.,7,,,,,
68,,,,,197,Certain religious wide.,Message role seat environmental few itself. Current know fight coach. As movement provide third customer.,6,,,,,
75,,,,,198,Night course real little need this.,Response heart garden pattern American image. Article mission prove piece beyond movement.,7,,,,,
60,,,,,199,Alone focus tough window.,Finally investment focus present. Film so sell guess become approach high suddenly. Hotel return focus pretty we available fly.,2,,,,,
59,,,,,200,Paper option color eat suggest.,Company spring response security dinner religious reveal modern. Inside white because data space think much. Page they live store.,8,,,,,
37,,,,,97,,,,1,Little my low international miss.,,,
1,,,,,42,,,,2,Yeah life now only.,,,
4,,,,,189,,,,3,Seem day show west gas wait.,,,
29,,,,,11,,,,4,Water write statement teacher.,,,
4,,,,,173,,,,5,Just response treatment light.,,,
17,,,,,120,,,,6,Hour owner approach bad seat drop.,,,
18,,,,,52,,,,7,Writer make old.,,,
66,,,,,90,,,,8,Where military we if kind list often.,,,
90,,,,,112,,,,9,Will billion miss act happen listen.,,,
62,,,,,101,,,,10,Figure field focus indicate suggest.,,,
17,,,,,99,,,,11,Experience spring analysis sure put law ground.,,,
96,,,,,107,,,,12,Information she book wall.,,,
17,,,,,8,,,,13,Husband station guess news choose.,,,
70,,,,,78,,,,14,Body establish seem successful run environmental structure.,,,
73,,,,,26,,,,15,Cut real natural condition.,,,
28,,,,,147,,,,16,Manager care hold kitchen significant pretty.,,,
2,,,,,21,,,,17,Quite room total box nor.,,,
75,,,,,120,,,,18,Project hundred important financial.,,,
32,,,,,109,,,,19,Consider rest much bed prove some.,,,
63,,,,,66,,,,20,Fast idea though establish address.,,,
34,,,,,69,,,,21,Such statement bed.,,,
23,,,,,71,,,,22,Discover exactly baby stage position use.,,,
61,,,,,46,,,,23,Improve by move size whole maybe.,,,
39,,,,,90,,,,24,Once forget piece throughout catch.,,,
34,,,,,138,,,,25,Country sort country scientist.,,,
90,,,,,187,,,,26,Outside organization Mr student set game attack.,,,
19,,,,,27,,,,27,Set tonight yeah make.,,,
57,,,,,39,,,,28,Perhaps strategy land wonder writer brother collection method.,,,
2,,,,,117,,,,29,Prevent first adult two.,,,
25,,,,,80,,,,30,National already film pick few.,,,
98,,,,,57,,,,31,Outside paper full along course guy.,,,
27,,,,,50,,,,32,Case seat interest left fact machine economy.,,,
37,,,,,38,,,,33,Minute interest society describe road.,,,
23,,,,,82,,,,34,Organization Mrs party.,,,
61,,,,,167,,,,35,Box everything nation election long statement in.,,,
31,,,,,66,,,,36,Design short should where face.,,,
31,,,,,79,,,,37,Place style former later opportunity student once.,,,
91,,,,,13,,,,38,Attack within this system.,,,
84,,,,,146,,,,39,Then admit us then require.,,,
91,,,,,164,,,,40,Article answer career model.,,,
87,,,,,111,,,,41,Thought result color war write to democratic foreign.,,,
50,,,,,183,,,,42,Movement some candidate four.,,,
12,,,,,3,,,,43,This high up minute second assume thousand.,,,
5,,,,,119,,,,44,Nothing pull green claim off city past.,,,
11,,,,,172,,,,45,Including practice join focus southern.,,,
68,,,,,153,,,,46,Magazine trade that.,,,
18,,,,,168,,,,47,Civil with study middle reduce.,,,
7,,,,,88,,,,48,Whole sort structure.,,,
67,,,,,103,,,,49,Pick would sea impact note.,,,
20,,,,,69,,,,50,Them why low.,,,
5,,,,,84,,,,51,Simple bad put page something you Mrs.,,,
95,,,,,84,,,,52,Receive speech better other police yet house city.,,,
100,,,,,152,,,,53,Agent vote bar economy offer into card.,,,
11,,,,,71,,,,54,Worker member through also.,,,
67,,,,,71,,,,55,Group water determine although significant.,,,
51,,,,,94,,,,56,Dinner economy stand nation available local new.,,,
63,,,,,144,,,,57,Green eight ago camera so upon professor suggest.,,,
73,,,,,68,,,,58,Idea other institution various.,,,
41,,,,,174,,,,59,Mouth usually business through person.,,,
33,,,,,117,,,,60,Debate and of especially do.,,,
8,,,,,133,,,,61,Machine space shake later his.,,,
86,,,,,34,,,,62,Question laugh fact attention sit.,,,
23,,,,,57,,,,63,Production describe mother society become option fire.,,,
67,,,,,66,,,,64,Ball exist mother TV home any.,,,
26,,,,,36,,,,65,Part example ok body social happy forward.,,,
47,,,,,191,,,,66,Country concern class them.,,,
35,,,,,177,,,,67,Though room both watch always wide return.,,,
58,,,,,46,,,,68,Even through general oil away specific turn.,,,
82,,,,,147,,,,69,Create instead dinner grow election gun statement.,,,
50,,,,,88,,,,70,Much cover perhaps father value.,,,
57,,,,,200,,,,71,Others box usually week.,,,
45,,,,,170,,,,72,Poor add board place will hospital.,,,
27,,,,,60,,,,73,Officer cost knowledge.,,,
44,,,,,19,,,,74,Job feeling mind school although forward risk.,,,
42,,,,,143,,,,75,Offer red charge memory.,,,
99,,,,,179,,,,76,Past occur memory shoulder painting.,,,
87,,,,,101,,,,77,Data bring traditional military magazine seat debate method.,,,
43,,,,,153,,,,78,Movement save end certainly.,,,
78,,,,,164,,,,79,Fear anyone off want likely group.,,,
100,,,,,44,,,,80,Network property now feeling.,,,
82,,,,,31,,,,81,Myself read under life moment consumer candidate report.,,,
53,,,,,104,,,,82,Concern concern itself attack change.,,,
21,,,,,189,,,,83,Group join us though and.,,,
69,,,,,111,,,,84,Raise happy necessary real.,,,
28,,,,,84,,,,85,Will clear various analysis course.,,,
70,,,,,80,,,,86,Wonder blood evidence action quality collection.,,,
80,,,,,153,,,,87,Be white guess whom.,,,
87,,,,,67,,,,88,Scientist suggest soon miss court message company myself.,,,
41,,,,,42,,,,89,Avoid difference those defense arm.,,,
44,,,,,5,,,,90,Can action suddenly difficult debate.,,,
68,,,,,94,,,,91,Hope color should happen painting sure.,,,
62,,,,,101,,,,92,Do wife student heavy indeed.,,,
60,,,,,28,,,,93,Plan nation resource.,,,
28,,,,,195,,,,94,Term scene month owner know.,,,
12,,,,,165,,,,95,Serious others practice cost seat.,,,
35,,,,,93,,,,96,Hair subject buy on.,,,
17,,,,,54,,,,97,History recognize light time whose part.,,,
38,,,,,188,,,,98,Us data operation sound western power.,,,
58,,,,,29,,,,99,Model site vote change finish.,,,
44,,,,,83,,,,100,Nature look employee newspaper take approach floor.,,,
38,,,,,23,,,,101,Son rate skin official work crime.,,,
23,,,,,54,,,,102,Meeting show camera authority few turn or.,,,
99,,,,,1,,,,103,Somebody produce born choose full.,,,
10,,,,,102,,,,104,Art information student most economic economic.,,,
89,,,,,31,,,,105,Rather on magazine nor become effort popular.,,,
99,,,,,152,,,,106,Almost college carry whom throughout recent risk total.,,,
84,,,,,80,,,,107,Officer left not standard population expert.,,,
61,,,,,179,,,,108,Customer relationship others throw bit agency Democrat.,,,
78,,,,,60,,,,109,Bad road morning owner after Republican threat pay.,,,
22,,,,,148,,,,110,Buy art song manager.,,,
49,,,,,67,,,,111,Ten book image day economy officer occur.,,,
25,,,,,60,,,,112,Let common degree send perhaps my.,,,
61,,,,,118,,,,113,Option perform design research pretty start.,,,
93,,,,,18,,,,114,Executive choice single care.,,,
5,,,,,180,,,,115,System bar loss audience.,,,
15,,,,,10,,,,116,Each both east reason never gun family.,,,
7,,,,,120,,,,117,Understand could economy board professor put.,,,
64,,,,,70,,,,118,Day customer result believe off two.,,,
5,,,,,18,,,,119,Stop exactly whose describe by require this.,,,
86,,,,,67,,,,120,War girl good.,,,
20,,,,,68,,,,121,Require speech particular minute to growth.,,,
50,,,,,55,,,,122,Final parent expect scientist admit offer stuff.,,,
37,,,,,139,,,,123,Dream win today second.,,,
22,,,,,95,,,,124,Cause these page health go.,,,
1,,,,,27,,,,125,Yard spring write care everybody might drop already.,,,
13,,,,,132,,,,126,Theory one both east both contain still.,,,
27,,,,,184,,,,127,Suffer major young water prepare.,,,
31,,,,,116,,,,128,Seem our economy will left.,,,
35,,,,,177,,,,129,Prevent success second bad.,,,
12,,,,,49,,,,130,Amount dinner gas.,,,
55,,,,,114,,,,131,Yet word do perhaps more student.,,,
36,,,,,90,,,,132,Alone grow personal choose receive last.,,,
88,,,,,20,,,,133,Such exist ball artist.,,,
13,,,,,122,,,,134,Television poor itself ready.,,,
97,,,,,143,,,,135,Arrive price own deal pull usually side.,,,
73,,,,,56,,,,136,Everything these list let.,,,
44,,,,,5,,,,137,Worker them situation sea.,,,
85,,,,,124,,,,138,Name course discover project.,,,
82,,,,,90,,,,139,Former most budget politics make less.,,,
61,,,,,128,,,,140,Full sport car program apply myself.,,,
41,,,,,178,,,,141,Safe Congress drop worker into.,,,
81,,,,,31,,,,142,Parent employee agency material partner citizen.,,,
5,,,,,90,,,,143,Answer often ask service.,,,
53,,,,,158,,,,144,Section dog age big carry keep white.,,,
75,,,,,60,,,,145,Huge cut before.,,,
38,,,,,31,,,,146,Key town need.,,,
66,,,,,78,,,,147,Environmental many ahead everyone throughout.,,,
63,,,,,161,,,,148,Available room population.,,,
69,,,,,16,,,,149,Owner computer artist plan.,,,
17,,,,,4,,,,150,Claim small official property despite.,,,
48,,,,,140,,,,151,Fund season sell help too.,,,
75,,,,,138,,,,152,Minute just southern low.,,,
86,,,,,109,,,,153,Bag miss magazine last American meet miss base.,,,
82,,,,,18,,,,154,Church choice help.,,,
50,,,,,91,,,,155,Strong fish sea save quickly never.,,,
83,,,,,115,,,,156,Both street important when tough rule section.,,,
37,,,,,163,,,,157,Possible million base source wrong my.,,,
54,,,,,69,,,,158,Cup box carry when.,,,
93,,,,,190,,,,159,Door represent agency speech some painting per.,,,
59,,,,,35,,,,160,Attention lay reason power animal.,,,
26,,,,,160,,,,161,Stand people cost.,,,
16,,,,,24,,,,162,Five relate point our north back ask.,,,
73,,,,,50,,,,163,Thought five age rate care easy top.,,,
43,,,,,19,,,,164,Western full meet report.,,,
50,,,,,102,,,,165,Because camera cell free court last.,,,
55,,,,,27,,,,166,Hundred travel front design reason.,,,
39,,,,,3,,,,167,Leave really and those again have recognize.,,,
43,,,,,28,,,,168,Adult throughout audience behavior worry.,,,
52,,,,,133,,,,169,Sport check sell moment attorney within travel use.,,,
44,,,,,163,,,,170,Wear even station entire our usually anyone.,,,
59,,,,,52,,,,171,All day artist must woman.,,,
48,,,,,128,,,,172,Moment across why western occur shake green approach.,,,
96,,,,,184,,,,173,Financial father remember growth.,,,
31,,,,,5,,,,174,Reality change cell individual soon.,,,
12,,,,,98,,,,175,Face believe close seem give.,,,
98,,,,,166,,,,176,Development ten hard.,,,
39,,,,,9,,,,177,Adult take use finish usually figure see.,,,
51,,,,,174,,,,178,Help large institution.,,,
95,,,,,58,,,,179,Health parent fly method.,,,
29,,,,,158,,,,180,Receive southern prepare remain without game good research.,,,
62,,,,,80,,,,181,Democrat military shake senior consider.,,,
23,,,,,166,,,,182,Lead western lay network partner either put.,,,
12,,,,,76,,,,183,Source decide per glass.,,,
43,,,,,96,,,,184,Letter whatever sense week example.,,,
74,,,,,132,,,,185,Alone look hot success.,,,
72,,,,,4,,,,186,Join sit stand simply wall describe.,,,
99,,,,,192,,,,187,Certainly fly remain hand whatever issue.,,,
80,,,,,167,,,,188,Finally find its suddenly test technology tough.,,,
25,,,,,168,,,,189,That accept north reduce father should hour.,,,
9,,,,,118,,,,190,Up fill red leg author occur owner kid.,,,
40,,,,,137,,,,191,Management democratic performance court thus carry.,,,
56,,,,,151,,,,192,Attorney yourself tough performance most.,,,
19,,,,,194,,,,193,Throughout plan section could claim day you.,,,
67,,,,,156,,,,194,Democratic finish success realize above.,,,
17,,,,,115,,,,195,Lawyer find free experience.,,,
7,,,,,139,,,,196,Amount face wrong again mission.,,,
4,,,,,167,,,,197,Floor hard however small thus include science.,,,
43,,,,,162,,,,198,Sense hotel nothing property yard gun.,,,
37,,,,,53,,,,199,Forget along member yard act campaign family.,,,
1,,,,,170,,,,200,Institution away run mission thank if relate.,,,
83,,,,,50,,,,201,Live place picture dog country.,,,
91,,,,,107,,,,202,Bag trip left improve.,,,
73,,,,,39,,,,203,Detail class name positive kitchen nor current.,,,
78,,,,,143,,,,204,Really health represent myself smile.,,,
36,,,,,78,,,,205,Center listen voice dark small study.,,,
44,,,,,101,,,,206,Road information case.,,,
33,,,,,171,,,,207,Doctor wife key body our future.,,,
94,,,,,148,,,,208,Serious yes owner tonight opportunity.,,,
81,,,,,183,,,,209,Find these position same others night.,,,
96,,,,,53,,,,210,Evening know interesting spend final service.,,,
88,,,,,148,,,,211,Matter clear soldier right meeting team lawyer chair.,,,
27,,,,,96,,,,212,Feel change issue eight begin.,,,
47,,,,,93,,,,213,Budget management food assume challenge moment forget.,,,
56,,,,,1,,,,214,Much mention season.,,,
7,,,,,91,,,,215,Whom lot five a music.,,,
45,,,,,148,,,,216,Position threat action likely pay understand heart with.,,,
47,,,,,162,,,,217,Particular that forward particular protect wish collection.,,,
5,,,,,168,,,,218,Recently local answer water get center both.,,,
76,,,,,190,,,,219,Go major skin day.,,,
96,,,,,69,,,,220,Personal might tax bad rest into very present.,,,
21,,,,,137,,,,221,Walk less game figure half possible.,,,
4,,,,,92,,,,222,Pull few born.,,,
61,,,,,107,,,,223,Energy partner military career into decision.,,,
67,,,,,42,,,,224,Arrive as environmental.,,,
1,,,,,124,,,,225,Body night artist cold car.,,,
29,,,,,132,,,,226,Save fast family carry begin country debate.,,,
25,,,,,104,,,,227,Economic key cover information prove.,,,
68,,,,,26,,,,228,Card else Democrat bank who prevent.,,,
22,,,,,67,,,,229,American mention street either.,,,
11,,,,,137,,,,230,Billion forget difficult evidence available stuff.,,,
40,,,,,16,,,,231,Community government those stand.,,,
23,,,,,140,,,,232,Small religious drug center.,,,
6,,,,,89,,,,233,We glass ok skin turn.,,,
99,,,,,33,,,,234,Part billion let coach risk threat involve.,,,
34,,,,,149,,,,235,Every director standard something back.,,,
87,,,,,139,,,,236,Me off citizen happen.,,,
20,,,,,40,,,,237,Chair type order draw fund result.,,,
75,,,,,142,,,,238,Or city laugh deal ago many.,,,
77,,,,,171,,,,239,Factor quite tax.,,,
42,,,,,58,,,,240,View offer break hot important wall.,,,
41,,,,,111,,,,241,Few need forward brother.,,,
83,,,,,99,,,,242,Sign help write.,,,
88,,,,,112,,,,243,Reality heart team how set.,,,
11,,,,,39,,,,244,Degree long style start myself outside his.,,,
79,,,,,95,,,,245,My against activity identify.,,,
89,,,,,80,,,,246,Blue which drop hard along job early.,,,
13,,,,,71,,,,247,Above own clear treatment.,,,
44,,,,,48,,,,248,Buy several firm.,,,
75,,,,,89,,,,249,Budget successful though born while only character.,,,
84,,,,,132,,,,250,His ground good student appear hotel.,,,
38,,,,,101,,,,251,Dream drive son already.,,,
86,,,,,24,,,,252,See better it can action much.,,,
87,,,,,6,,,,253,Especially lay stage great strategy reason pretty enjoy.,,,
8,,,,,146,,,,254,Girl various but down reflect property rise degree.,,,
6,,,,,190,,,,255,Style Mr size us close summer seven show.,,,
89,,,,,26,,,,256,Reach team kid finish or.,,,
87,,,,,198,,,,257,Gun apply hot improve score lose or.,,,
39,,,,,96,,,,258,Nice blood race state sit response.,,,
60,,,,,96,,,,259,Sign music poor financial.,,,
40,,,,,78,,,,260,Evening next executive southern various.,,,
35,,,,,171,,,,261,Happen base defense couple national world.,,,
68,,,,,106,,,,262,Family him between control practice protect base.,,,
57,,,,,104,,,,263,These realize artist less personal.,,,
13,,,,,6,,,,264,Keep line simply white indeed its operation.,,,
45,,,,,105,,,,265,No organization clear summer add including.,,,
10,,,,,96,,,,266,Arm tax including quite prevent evening example hour.,,,
5,,,,,7,,,,267,True girl civil court present even.,,,
1,,,,,199,,,,268,Ground next where fight important.,,,
63,,,,,69,,,,269,Wear single long source reason huge.,,,
73,,,,,176,,,,270,Too sport debate one film join pull.,,,
11,,,,,29,,,,271,Board drug leave main trouble effect.,,,
65,,,,,164,,,,272,Science strategy Democrat fall thought staff.,,,
43,,,,,182,,,,273,Less with within create financial all amount.,,,
20,,,,,113,,,,274,Necessary floor old specific week citizen hold.,,,
3,,,,,161,,,,275,Activity drug increase exactly.,,,
75,,,,,137,,,,276,Radio run make center town interview nearly.,,,
91,,,,,125,,,,277,Everything Mrs land expect join bit.,,,
2,,,,,63,,,,278,Kid unit scientist resource.,,,
88,,,,,83,,,,279,Theory include group glass have.,,,
74,,,,,134,,,,280,Several present specific administration apply eat stock.,,,
85,,,,,34,,,,281,What from career sometimes whole teach.,,,
88,,,,,39,,,,282,From administration lose result method amount not.,,,
57,,,,,57,,,,283,Point require show trial there.,,,
11,,,,,53,,,,284,Discussion common hotel western treatment table alone customer.,,,
30,,,,,169,,,,285,Along little more set.,,,
3,,,,,26,,,,286,Structure rich federal owner realize soldier.,,,
85,,,,,155,,,,287,Television management above number else listen.,,,
2,,,,,139,,,,288,Time once cell high want entire put what.,,,
78,,,,,62,,,,289,Property station agent.,,,
69,,,,,125,,,,290,Quality police power listen note everyone peace.,,,
12,,,,,90,,,,291,Although whatever floor child degree writer.,,,
92,,,,,5,,,,292,Learn half move head purpose sing measure.,,,
23,,,,,134,,,,293,Music station wonder American Mrs radio.,,,
55,,,,,199,,,,294,Investment hard last rock need which.,,,
31,,,,,135,,,,295,White time middle positive ball.,,,
48,,,,,105,,,,296,Special black visit heavy change receive note along.,,,
79,,,,,37,,,,297,Town character hospital wait surface south generation difficult.,,,
69,,,,,111,,,,298,Thus project because cup them likely argue.,,,
61,,,,,102,,,,299,Production as matter girl check scientist attorney real.,,,
66,,,,,110,,,,300,Listen himself base cover toward page education great.,,,
,,,,,,,,1,,,growth,,
,,,,,,,,2,,,live,,
,,,,,,,,3,,,likely,,
,,,,,,,,4,,,add,,
,,,,,,,,5,,,threat,,
,,,,,,,,6,,,discussion,,
,,,,,,,,7,,,state,,
,,,,,,,,8,,,that,,
,,,,,,,,9,,,off,,
,,,,,,,,10,,,indeed,,
,,,,,,,,,,,,1,company
,,,,,,,,,,,,2,partner
,,,,,,,,,,,,3,eye
,,,,,,,,,,,,4,for
,,,,,,,,,,,,5,agree
,,,,,,,,,,,,6,billion
,,,,,,,,,,,,7,children
,,,,,,,,,,,,8,along
,,,,,,,,,,,,9,determine
,,,,,,,,,,,,10,night
,,,,,,,,,,,,11,recognize
,,,,,,,,,,,,12,address
,,,,,,,,,,,,13,bad
,,,,,,,,,,,,14,long
,,,,,,,,,,,,15,star
,,,,,,,,,,,,16,develop
,,,,,,,,,,,,17,threat
,,,,,,,,,,,,18,interview
,,,,,,,,,,,,19,him
,,,,,,,,,,,,20,feeling
,,,,,136,,,,,,,16,
,,,,,164,,,,,,,16,
,,,,,106,,,,,,,8,
,,,,,75,,,,,,,3,
,,,,,121,,,,,,,14,
,,,,,25,,,,,,,18,
,,,,,118,,,,,,,1,
,,,,,50,,,,,,,14,
,,,,,24,,,,,,,2,
,,,,,122,,,,,,,11,
,,,,,1,,,,,,,16,
,,,,,192,,,,,,,6,
,,,,,21,,,,,,,11,
,,,,,26,,,,,,,9,
,,,,,54,,,,,,,11,
,,,,,119,,,,,,,12,
,,,,,116,,,,,,,17,
,,,,,184,,,,,,,12,
,,,,,27,,,,,,,9,
,,,,,5,,,,,,,16,
,,,,,11,,,,,,,14,
,,,,,29,,,,,,,9,
,,,,,168,,,,,,,11,
,,,,,29,,,,,,,7,
,,,,,27,,,,,,,2,
,,,,,119,,,,,,,9,
,,,,,174,,,,,,,16,
,,,,,193,,,,,,,5,
,,,,,94,,,,,,,10,
,,,,,103,,,,,,,9,
,,,,,13,,,,,,,10,
,,,,,176,,,,,,,18,
,,,,,141,,,,,,,4,
,,,,,7,,,,,,,3,
,,,,,194,,,,,,,19,
,,,,,83,,,,,,,3,
,,,,,130,,,,,,,5,
,,,,,181,,,,,,,2,
,,,,,107,,,,,,,18,
,,,,,20,,,,,,,3,
,,,,,142,,,,,,,3,
,,,,,194,,,,,,,6,
,,,,,113,,,,,,,17,
,,,,,119,,,,,,,2,
,,,,,102,,,,,,,20,
,,,,,60,,,,,,,18,
,,,,,173,,,,,,,8,
,,,,,106,,,,,,,9,
,,,,,71,,,,,,,7,
,,,,,75,,,,,,,14,
,,,,,187,,,,,,,9,
,,,,,173,,,,,,,5,
,,,,,173,,,,,,,2,
,,,,,133,,,,,,,18,
,,,,,93,,,,,,,14,
,,,,,185,,,,,,,9,
,,,,,83,,,,,,,16,
,,,,,6,,,,,,,16,
,,,,,147,,,,,,,2,
,,,,,3,,,,,,,7,
,,,,,135,,,,,,,15,
,,,,,144,,,,,,,20,
,,,,,118,,,,,,,6,
,,,,,102,,,,,,,6,
,,,,,14,,,,,,,7,
,,,,,18,,,,,,,6,
,,,,,134,,,,,,,6,
,,,,,48,,,,,,,5,
,,,,,177,,,,,,,15,
,,,,,130,,,,,,,13,
,,,,,8,,,,,,,1,
,,,,,99,,,,,,,20,
,,,,,175,,,,,,,13,
,,,,,118,,,,,,,16,
,,,,,195,,,,,,,6,
,,,,,97,,,,,,,19,
,,,,,163,,,,,,,17,
,,,,,13,,,,,,,7,
,,,,,175,,,,,,,16,
,,,,,62,,,,,,,8,
,,,,,135,,,,,,,5,
,,,,,72,,,,,,,17,
,,,,,197,,,,,,,1,
,,,,,156,,,,,,,14,
,,,,,132,,,,,,,12,
,,,,,84,,,,,,,8,
,,,,,37,,,,,,,16,
,,,,,57,,,,,,,16,
,,,,,187,,,,,,,15,
,,,,,134,,,,,,,17,
,,,,,141,,,,,,,13,
,,,,,87,,,,,,,18,
,,,,,182,,,,,,,19,
,,,,,115,,,,,,,16,
,,,,,26,,,,,,,6,
,,,,,163,,,,,,,6,
,,,,,125,,,,,,,7,
,,,,,43,,,,,,,7,
,,,,,81,,,,,,,4,
,,,,,110,,,,,,,7,
,,,,,51,,,,,,,17,
,,,,,100,,,,,,,3,
,,,,,189,,,,,,,15,
,,,,,26,,,,,,,8,
,,,,,120,,,,,,,4,
,,,,,46,,,,,,,19,
,,,,,20,,,,,,,2,
,,,,,86,,,,,,,17,
,,,,,151,,,,,,,17,
,,,,,90,,,,,,,8,
,,,,,179,,,,,,,1,
,,,,,112,,,,,,,8,
,,,,,95,,,,,,,12,
,,,,,70,,,,,,,18,
,,,,,75,,,,,,,12,
,,,,,43,,,,,,,20,
,,,,,74,,,,,,,15,
,,,,,179,,,,,,,10,
,,,,,177,,,,,,,6,
,,,,,25,,,,,,,18,
,,,,,27,,,,,,,12,
,,,,,128,,,,,,,20,
,,,,,19,,,,,,,11,
,,,,,195,,,,,,,14,
,,,,,61,,,,,,,4,
,,,,,62,,,,,,,15,
,,,,,161,,,,,,,11,
,,,,,115,,,,,,,15,
,,,,,10,,,,,,,11,
,,,,,140,,,,,,,9,
,,,,,199,,,,,,,7,
,,,,,61,,,,,,,7,
,,,,,195,,,,,,,17,
,,,,,99,,,,,,,14,
,,,,,144,,,,,,,17,
,,,,,124,,,,,,,8,
,,,,,69,,,,,,,14,
,,,,,130,,,,,,,4,
,,,,,100,,,,,,,19,
,,,,,97,,,,,,,2,
,,,,,34,,,,,,,13,
,,,,,63,,,,,,,7,
,,,,,37,,,,,,,8,
,,,,,111,,,,,,,15,
,,,,,181,,,,,,,20,
,,,,,141,,,,,,,15,
,,,,,190,,,,,,,5,
,,,,,136,,,,,,,11,
,,,,,94,,,,,,,1,
,,,,,35,,,,,,,20,
,,,,,181,,,,,,,7,
,,,,,86,,,,,,,17,
,,,,,100,,,,,,,17,
,,,,,3,,,,,,,9,
,,,,,90,,,,,,,20,
,,,,,94,,,,,,,10,
,,,,,199,,,,,,,20,
,,,,,158,,,,,,,19,
,,,,,111,,,,,,,15,
,,,,,138,,,,,,,11,
,,,,,54,,,,,,,3,
,,,,,62,,,,,,,5,
,,,,,5,,,,,,,6,
,,,,,37,,,,,,,12,
,,,,,134,,,,,,,7,
,,,,,107,,,,,,,9,
,,,,,170,,,,,,,10,
,,,,,81,,,,,,,5,
,,,,,172,,,,,,,12,
,,,,,58,,,,,,,4,
,,,,,70,,,,,,,14,
,,,,,125,,,,,,,16,
,,,,,133,,,,,,,12,
,,,,,162,,,,,,,4,
,,,,,86,,,,,,,4,
,,,,,125,,,,,,,5,
,,,,,16,,,,,,,10,
,,,,,68,,,,,,,13,
,,,,,115,,,,,,,18,
,,,,,26,,,,,,,11,
,,,,,18,,,,,,,15,
,,,,,190,,,,,,,19,
,,,,,76,,,,,,,9,
,,,,,121,,,,,,,8,
,,,,,140,,,,,,,4,
,,,,,129,,,,,,,20,
,,,,,77,,,,,,,8,
,,,,,24,,,,,,,5,
,,,,,70,,,,,,,20,
,,,,,143,,,,,,,11,
,,,,,147,,,,,,,19,
,,,,,52,,,,,,,1,
,,,,,12,,,,,,,14,
,,,,,191,,,,,,,9,
,,,,,62,,,,,,,13,
,,,,,110,,,,,,,11,
,,,,,32,,,,,,,12,
,,,,,25,,,,,,,12,
,,,,,35,,,,,,,3,
,,,,,187,,,,,,,16,
,,,,,42,,,,,,,9,
,,,,,56,,,,,,,16,
,,,,,152,,,,,,,16,
,,,,,63,,,,,,,1,
,,,,,176,,,,,,,14,
,,,,,27,,,,,,,4,
,,,,,156,,,,,,,10,
,,,,,24,,,,,,,16,
,,,,,47,,,,,,,15,
,,,,,195,,,,,,,3,
,,,,,34,,,,,,,13,
,,,,,71,,,,,,,15,
,,,,,110,,,,,,,16,
,,,,,32,,,,,,,6,
,,,,,153,,,,,,,8,
,,,,,108,,,,,,,15,
,,,,,84,,,,,,,9,
,,,,,115,,,,,,,1,
,,,,,168,,,,,,,6,
,,,,,188,,,,,,,11,
,,,,,72,,,,,,,6,
,,,,,143,,,,,,,15,
,,,,,142,,,,,,,16,
,,,,,190,,,,,,,12,
,,,,,194,,,,,,,16,
,,,,,49,,,,,,,2,
,,,,,84,,,,,,,6,
,,,,,108,,,,,,,5,
,,,,,13,,,,,,,20,
,,,,,123,,,,,,,10,
,,,,,137,,,,,,,17,
,,,,,90,,,,,,,17,
,,,,,110,,,,,,,6,
,,,,,47,,,,,,,12,
,,,,,26,,,,,,,6,
,,,,,60,,,,,,,16,
,,,,,65,,,,,,,10,
,,,,,36,,,,,,,15,
,,,,,200,,,,,,,20,
,,,,,30,,,,,,,14,
,,,,,193,,,,,,,16,
,,,,,113,,,,,,,13,
,,,,,25,,,,,,,9,
,,,,,90,,,,,,,2,
,,,,,15,,,,,,,11,
,,,,,113,,,,,,,16,
,,,,,104,,,,,,,20,
,,,,,43,,,,,,,20,
,,,,,56,,,,,,,20,
,,,,,30,,,,,,,18,
,,,,,66,,,,,,,8,
,,,,,137,,,,,,,10,
,,,,,199,,,,,,,2,
,,,,,133,,,,,,,8,
,,,,,112,,,,,,,7,
,,,,,47,,,,,,,7,
,,,,,157,,,,,,,2,
,,,,,134,,,,,,,18,
,,,,,106,,,,,,,18,
,,,,,143,,,,,,,1,
,,,,,28,,,,,,,4,
,,,,,119,,,,,,,20,
,,,,,20,,,,,,,17,
,,,,,138,,,,,,,20,
,,,,,141,,,,,,,17,
,,,,,59,,,,,,,8,
,,,,,14,,,,,,,10,
,,,,,124,,,,,,,19,
,,,,,145,,,,,,,9,
,,,,,182,,,,,,,6,
,,,,,182,,,,,,,10,
,,,,,190,,,,,,,18,
,,,,,143,,,,,,,3,
,,,,,44,,,,,,,9,
,,,,,4,,,,,,,14,
,,,,,99,,,,,,,2,
,,,,,97,,,,,,,1,
,,,,,62,,,,,,,7,
,,,,,132,,,,,,,2,
,,,,,141,,,,,,,7,
,,,,,67,,,,,,,11,
,,,,,149,,,,,,,1,
,,,,,68,,,,,,,2,
,,,,,49,,,,,,,12,
,,,,,199,,,,,,,11,
,,,,,190,,,,,,,19,
,,,,,170,,,,,,,6,
,,,,,190,,,,,,,6,
,,,,,96,,,,,,,9,
,,,,,1,,,,,,,9,
,,,,,130,,,,,,,15,
,,,,,73,,,,,,,11,
,,,,,191,,,,,,,1,
,,,,,32,,,,,,,13,
,,,,,22,,,,,,,6,
,,,,,114,,,,,,,6,
,,,,,34,,,,,,,14,
,,,,,3,,,,,,,10,
,,,,,38,,,,,,,5,
,,,,,140,,,,,,,9,
,,,,,78,,,,,,,3,
,,,,,93,,,,,,,19,
,,,,,3,,,,,,,8,
,,,,,20,,,,,,,19,
,,,,,91,,,,,,,7,
,,,,,53,,,,,,,2,
,,,,,53,,,,,,,8,
,,,,,38,,,,,,,12,
,,,,,183,,,,,,,11,
,,,,,8,,,,,,,10,
,,,,,185,,,,,,,13,
,,,,,100,,,,,,,14,
,,,,,104,,,,,,,15,
,,,,,34,,,,,,,6,
,,,,,22,,,,,,,5,
,,,,,121,,,,,,,14,
,,,,,3,,,,,,,16,
,,,,,52,,,,,,,18,
,,,,,158,,,,,,,2,
,,,,,73,,,,,,,12,
,,,,,99,,,,,,,8,
,,,,,145,,,,,,,15,
,,,,,97,,,,,,,6,
,,,,,55,,,,,,,15,
,,,,,166,,,,,,,17,
,,,,,197,,,,,,,6,
,,,,,142,,,,,,,9,
,,,,,150,,,,,,,18,
,,,,,122,,,,,,,1,
,,,,,116,,,,,,,13,
,,,,,164,,,,,,,20,
,,,,,69,,,,,,,3,
,,,,,90,,,,,,,16,
,,,,,159,,,,,,,6,
,,,,,132,,,,,,,20,
,,,,,50,,,,,,,7,
,,,,,20,,,,,,,12,
,,,,,46,,,,,,,19,
,,,,,52,,,,,,,3,
,,,,,17,,,,,,,16,
,,,,,161,,,,,,,9,
,,,,,49,,,,,,,13,
,,,,,152,,,,,,,11,
,,,,,11,,,,,,,19,
,,,,,30,,,,,,,8,
,,,,,177,,,,,,,7,
,,,,,170,,,,,,,11,
,,,,,152,,,,,,,12,
,,,,,117,,,,,,,17,
,,,,,166,,,,,,,4,
,,,,,30,,,,,,,18,
,,,,,169,,,,,,,19,
,,,,,183,,,,,,,4,
,,,,,100,,,,,,,1,
,,,,,171,,,,,,,11,
,,,,,41,,,,,,,19,
,,,,,122,,,,,,,20,
,,,,,67,,,,,,,5,
,,,,,46,,,,,,,4,
,,,,,109,,,,,,,19,
,,,,,175,,,,,,,1,
,,,,,28,,,,,,,12,
,,,,,9,,,,,,,10,
,,,,,173,,,,,,,13,
,,,,,126,,,,,,,10,
,,,,,64,,,,,,,14,
,,,,,138,,,,,,,13,
,,,,,48,,,,,,,20,
,,,,,189,,,,,,,16,
,,,,,91,,,,,,,18,
,,,,,181,,,,,,,12,
,,,,,15,,,,,,,1,
,,,,,10,,,,,,,20,
,,,,,141,,,,,,,15,
,,,,,13,,,,,,,18,
,,,,,110,,,,,,,11,
,,,,,122,,,,,,,17,
,,,,,160,,,,,,,12,
,,,,,10,,,,,,,7,
,,,,,125,,,,,,,6,
,,,,,137,,,,,,,14,
,,,,,166,,,,,,,15,
,,,,,193,,,,,,,17,
,,,,,194,,,,,,,9,
,,,,,165,,,,,,,9,
,,,,,195,,,,,,,8,
,,,,,78,,,,,,,12,
,,,,,142,,,,,,,5,
,,,,,23,,,,,,,1,
,,,,,109,,,,,,,18,
,,,,,22,,,,,,,17,
,,,,,169,,,,,,,6,
,,,,,9,,,,,,,20,
,,,,,42,,,,,,,2,
,,,,,122,,,,,,,18,
,,,,,124,,,,,,,17,
,,,,,29,,,,,,,19,
,,,,,133,,,,,,,17,
,,,,,167,,,,,,,10,
,,,,,96,,,,,,,15,